Model,CV_Mean,CV_STD,Test_Accuracy
Logistic Regression,0.842032340515568,0.004667643666666056,0.8410611303344867
SVM,0.8406482907386135,0.004215041700978933,0.8392156862745098
Random Forest,0.8363228981509296,0.00407815997163017,0.8320645905420992
Navie Bayes,0.8081205094399694,0.0038797318762731083,0.8073817762399077
